{"cameraMode":{"drawMode":0,"name":"Shaded","section":"Shading Mode"},"sceneLighting":true,"audioPlay":false,"sceneViewState":{"showFog":true,"showMaterialUpdate":false,"showSkybox":true,"showFlares":true,"showImageEffects":true,"showParticleSystems":true},"in2DMode":false,"pivot":{"x":204.58010864257813,"y":7.908454895019531,"z":1.00390625},"rotation":{"x":0.00449974974617362,"y":-0.010499780997633934,"z":-0.000047252000513253734,"w":-0.9999347925186157},"size":9.139541625976563,"orthographic":true}